Общие колиформные бактерии (ОКБ)	отс.	90	53
Остаточный хлор	0.35	101	86
Запах при 60C	1-2	102	86
Неизвестно (5147)	1	103	86
Неизвестно (5148)	Тинистый	104	86
Общие колиформные бактерии (ОКБ)	отс.	105	86
Неизвестно (1000)	Тинистый	106	26
Неизвестно (1001)	Тинистый	107	26
Запах при 20C	1	108	26
Неизвестно (1003)	20.4	109	26
Мутность	<0.30	111	26
Водородный показатель (pH)	7.4	112	26
Железо общее	<0.05	113	26
Термотолерантные колиформные бактерии (ТКБ)	отс.	114	26
Общее микробное число (ОМЧ)	отс.	115	26
Остаточный хлор	0.12	116	26
Запах при 60C	1-2	117	26
Неизвестно (5147)	1	118	26
Неизвестно (5148)	Тинистый	119	26
Общие колиформные бактерии (ОКБ)	отс.	120	26
Неизвестно (1000)	Тинистый	121	2
Неизвестно (1001)	Тинистый	122	2
Запах при 20C	1	123	2
Неизвестно (1003)	21.4	124	2
Цветность	<5	125	2
Мутность	0.63	126	2
Водородный показатель (pH)	7.2	127	2
Железо общее	<0.05	128	2
Термотолерантные колиформные бактерии (ТКБ)	отс.	129	2
Общее микробное число (ОМЧ)	отс.	130	2
Остаточный хлор	0.15	131	2
Запах при 60C	1	132	2
Неизвестно (5147)	1	133	2
Неизвестно (5148)	Тинистый	134	2
Общие колиформные бактерии (ОКБ)	отс.	135	2
Неизвестно (1000)	Тинистый	136	27
Неизвестно (1001)	Тинистый	137	27
Запах при 20C	1	138	27
Неизвестно (1003)	21.1	139	27
Цветность	10	140	27
Мутность	<0.30	141	27
Водородный показатель (pH)	7.2	142	27
Железо общее	<0.05	143	27
Термотолерантные колиформные бактерии (ТКБ)	отс.	144	27
Общее микробное число (ОМЧ)	отс.	145	27
Остаточный хлор	0.24	146	27
Запах при 60C	1-2	147	27
Неизвестно (5147)	1	148	27
Общие колиформные бактерии (ОКБ)	отс.	150	27
Неизвестно (1000)	Хлорно-тинистый	151	76
Неизвестно (1001)	Хлорно-тинистый	152	76
Запах при 20C	1	153	76
Неизвестно (1003)	21.8	154	76
Мутность	0.47	156	76
Водородный показатель (pH)	7.3	157	76
Железо общее	<0.05	158	76
Термотолерантные колиформные бактерии (ТКБ)	отс.	159	76
Общее микробное число (ОМЧ)	отс.	160	76
Остаточный хлор	0.52	161	76
Запах при 60C	1-2	162	76
Неизвестно (5147)	1	163	76
Неизвестно (5148)	Хлорно-тинистый	164	76
Общие колиформные бактерии (ОКБ)	отс.	165	76
Неизвестно (1000)	Хлорно-тинистый	166	40
Неизвестно (1001)	Хлорно-тинистый	167	40
Неизвестно (1003)	19.7	169	40
Цветность	11	170	40
Мутность	0.39	171	40
Водородный показатель (pH)	7.2	172	40
Железо общее	<0.05	173	40
Термотолерантные колиформные бактерии (ТКБ)	отс.	174	40
Общее микробное число (ОМЧ)	отс.	175	40
Остаточный хлор	0.40	176	40
Запах при 60C	2	177	40
Неизвестно (5147)	1	178	40
Неизвестно (5148)	Хлорно-тинистый	179	40
Общие колиформные бактерии (ОКБ)	отс.	180	40
Неизвестно (1000)	Хлорно-тинистый	181	52
Неизвестно (1001)	Хлорно-тинистый	182	52
Запах при 20C	1	183	52
Неизвестно (1003)	20.6	184	52
Цветность	8	185	52
Мутность	<0.30	186	52
Водородный показатель (pH)	7.6	187	52
Железо общее	<0.05	188	52
Термотолерантные колиформные бактерии (ТКБ)	отс.	189	52
Общее микробное число (ОМЧ)	отс.	190	52
Остаточный хлор	0.43	191	52
Запах при 60C	1-2	192	52
Неизвестно (5147)	1	193	52
Неизвестно (5148)	Хлорно-тинистый	194	52
Общие колиформные бактерии (ОКБ)	отс.	195	52
Неизвестно (1000)	Тинистый	196	74
Неизвестно (1001)	Тинистый	197	74
Запах при 20C	1	198	74
Неизвестно (1003)	19.5	199	74
Цветность	11	200	74
Мутность	<0.30	201	74
Водородный показатель (pH)	7.2	202	74
Железо общее	<0.05	203	74
Термотолерантные колиформные бактерии (ТКБ)	отс.	204	74
Общее микробное число (ОМЧ)	отс.	205	74
Остаточный хлор	0.49	206	74
Запах при 60C	1	207	74
Неизвестно (5147)	1	208	74
Неизвестно (5148)	Тинистый	209	74
Общие колиформные бактерии (ОКБ)	отс.	210	74
Неизвестно (1000)	Тинистый	211	
Неизвестно (1001)	Хлорно-тинистый	212	
Запах при 20C	2	213	
Неизвестно (1003)	20.3	214	
Цветность	11	215	
Мутность	<0.30	216	
Водородный показатель (pH)	7.0	217	
Железо общее	<0.05	218	
Термотолерантные колиформные бактерии (ТКБ)	отс.	219	
Общее микробное число (ОМЧ)	отс.	220	
Остаточный хлор	0.51	221	
Запах при 60C	1	222	
Неизвестно (5147)	2	223	
Неизвестно (5148)	Тинистый	224	
Общие колиформные бактерии (ОКБ)	отс.	226	
Неизвестно (1000)	Хлорно-тинистый	227	
Неизвестно (1001)	Хлорно-тинистый	228	
Запах при 20C	1	229	
Неизвестно (1003)	19.5	230	
Цветность	13	231	
Мутность	0.38	232	
Водородный показатель (pH)	7.2	233	
Железо общее	<0.05	234	
Термотолерантные колиформные бактерии (ТКБ)	отс.	235	
Общее микробное число (ОМЧ)	отс.	236	
Остаточный хлор	0.56	237	
Запах при 60C	1	238	
Неизвестно (5147)	1	239	
Неизвестно (5148)	Хлорно-тинистый	240	
Общие колиформные бактерии (ОКБ)	отс.	241	
Неизвестно (1000)	Хлорно-тинистый	242	36
Неизвестно (1001)	Хлорно-тинистый	243	36
Запах при 20C	1	244	36
Цветность	12	261	10
Мутность	<0.30	262	10
Водородный показатель (pH)	7.2	263	10
Железо общее	<0.05	264	10
Термотолерантные колиформные бактерии (ТКБ)	отс.	265	10
Общее микробное число (ОМЧ)	отс.	266	10
Остаточный хлор	0.84	267	10
Запах при 60C	1-2	268	10
Неизвестно (5147)	1	269	10
Неизвестно (5148)	Тинистый	149	27
Неизвестно (5148)	Хлорно-тинистый	270	10
Общие колиформные бактерии (ОКБ)	отс.	271	10
Неизвестно (1000)	Хлорно-тинистый	272	75
Неизвестно (1001)	Хлорно-тинистый	273	75
Запах при 20C	1	274	75
Неизвестно (1003)	19.6	275	75
Цветность	8	276	75
Мутность	<0.30	277	75
Водородный показатель (pH)	7.3	278	75
Железо общее	<0.05	279	75
Термотолерантные колиформные бактерии (ТКБ)	отс.	280	75
Общее микробное число (ОМЧ)	отс.	281	75
Остаточный хлор	0.46	282	75
Запах при 60C	1	283	75
Неизвестно (5147)	1	284	75
Неизвестно (5148)	Хлорно-тинистый	285	75
Общие колиформные бактерии (ОКБ)	отс.	286	75
Неизвестно (1000)	Хлорный	287	
Водородный показатель (pH)	7.4	22	32
Неизвестно (1001)	Хлорный	288	
Запах при 20C	1	289	
Неизвестно (1003)	20.1	290	
Цветность	11	291	
Термотолерантные колиформные бактерии (ТКБ)	отс.	24	32
Общее микробное число (ОМЧ)	отс.	25	32
Остаточный хлор	0.21	26	32
Запах при 60C	1	27	32
Неизвестно (5147)	1	28	32
Неизвестно (5148)	Тинистый	29	32
Общие колиформные бактерии (ОКБ)	отс.	30	32
Неизвестно (1000)	Хлорно-тинистый	31	80
Неизвестно (1001)	Хлорно-тинистый	32	80
Запах при 20C	1	33	80
Неизвестно (1003)	21.4	34	80
Цветность	11	35	80
Мутность	0.41	36	80
Неизвестно (5148)	Тинистый	1750	
Неизвестно (1000)	Тинистый	316	37
Неизвестно (1001)	Тинистый	317	37
Запах при 20C	1	318	37
Неизвестно (1003)	21.3	319	37
Мутность	<0.30	321	37
Водородный показатель (pH)	7.3	322	37
Железо общее	<0.05	323	37
Термотолерантные колиформные бактерии (ТКБ)	отс.	324	37
Общее микробное число (ОМЧ)	отс.	325	37
Остаточный хлор	0.26	326	37
Запах при 60C	1-2	327	37
Запах при 20C	1	3	30
Неизвестно (5147)	1	328	37
Неизвестно (5148)	Тинистый	329	37
Неизвестно (1003)	20.5	4	30
Цветность	10	5	30
Мутность	<0.30	6	30
Водородный показатель (pH)	7.2	7	30
Железо общее	<0.05	8	30
Термотолерантные колиформные бактерии (ТКБ)	отс.	9	30
Общее микробное число (ОМЧ)	отс.	10	30
Остаточный хлор	0.16	11	30
Запах при 60C	1-2	12	30
Неизвестно (5147)	1	13	30
Неизвестно (5148)	Тинистый	14	30
Общие колиформные бактерии (ОКБ)	отс.	15	30
Неизвестно (1000)	Тинистый	16	32
Неизвестно (1001)	Тинистый	17	32
Запах при 20C	1	18	32
Неизвестно (1003)	20.3	19	32
Цветность	<5	20	32
Мутность	<0.30	21	32
Железо общее	<0.05	23	32
Общие колиформные бактерии (ОКБ)	отс.	330	37
Неизвестно (1000)	Тинистый	331	71
Неизвестно (1001)	Хлорно-тинистый	332	71
Запах при 20C	1	333	71
Запах при 60C	2	225	
Неизвестно (1003)	20.5	334	71
Неизвестно (5147)	1	358	44
Неизвестно (5148)	Хлорно-тинистый	359	44
Общие колиформные бактерии (ОКБ)	отс.	360	44
Неизвестно (1000)	Хлорно-тинистый	361	
Неизвестно (1001)	Хлорно-тинистый	362	
Неизвестно (1003)	20.2	364	
Цветность	8	365	
Мутность	<0.30	366	
Водородный показатель (pH)	7.3	367	
Железо общее	<0.05	368	
Термотолерантные колиформные бактерии (ТКБ)	отс.	369	
Общее микробное число (ОМЧ)	отс.	370	
Общее микробное число (ОМЧ)	отс.	55	64
Остаточный хлор	0.45	56	64
Запах при 60C	1-2	57	64
Неизвестно (5147)	1	58	64
Неизвестно (5148)	Хлорно-тинистый	59	64
Общие колиформные бактерии (ОКБ)	отс.	60	64
Неизвестно (1000)	Тинистый	61	84
Неизвестно (1001)	Тинистый	62	84
Запах при 20C	1	63	84
Неизвестно (1003)	21.6	64	84
Цветность	8	65	84
Мутность	0.38	66	84
Водородный показатель (pH)	7.3	67	84
Железо общее	<0.05	68	84
Термотолерантные колиформные бактерии (ТКБ)	отс.	69	84
Общее микробное число (ОМЧ)	отс.	70	84
Остаточный хлор	0.32	71	84
Запах при 60C	1-2	72	84
Неизвестно (5147)	1	73	84
Неизвестно (5148)	Тинистый	74	84
Остаточный хлор	0.91	371	
Запах при 60C	1-2	372	
Неизвестно (5147)	1	373	
Неизвестно (5148)	Хлорно-тинистый	374	
Общие колиформные бактерии (ОКБ)	отс.	375	
Неизвестно (1000)	Хлорно-тинистый	376	29
Неизвестно (1001)	Хлорно-тинистый	377	29
Запах при 20C	1	378	29
Неизвестно (1003)	21.3	379	29
Цветность	11	380	29
Мутность	0.39	381	29
Водородный показатель (pH)	7.2	382	29
Железо общее	<0.05	383	29
Термотолерантные колиформные бактерии (ТКБ)	отс.	384	29
Общее микробное число (ОМЧ)	отс.	385	29
Остаточный хлор	0.29	386	29
Запах при 60C	1	387	29
Неизвестно (5147)	1	388	29
Неизвестно (5147)	1	463	92
Неизвестно (5148)	Хлорно-тинистый	389	29
Общие колиформные бактерии (ОКБ)	отс.	390	29
Неизвестно (1000)	Тинистый	391	59
Неизвестно (1001)	Тинистый	392	59
Запах при 20C	1	393	59
Неизвестно (1003)	20.1	394	59
Цветность	12	395	59
Мутность	0.33	396	59
Водородный показатель (pH)	7.2	397	59
Железо общее	<0.05	398	59
Термотолерантные колиформные бактерии (ТКБ)	отс.	399	59
Общее микробное число (ОМЧ)	отс.	400	59
Запах при 60C	2	402	59
Неизвестно (5147)	1	403	59
Неизвестно (5148)	Тинистый	404	59
Цветность	7	320	37
Общие колиформные бактерии (ОКБ)	отс.	405	59
Неизвестно (1000)	Хлорно-тинистый	406	58
Неизвестно (1001)	Хлорно-тинистый	407	58
Запах при 20C	1	408	58
Неизвестно (1003)	21.2	409	58
Цветность	11	410	58
Неизвестно (5148)	Тинистый	89	53
Запах при 20C	1	303	
Неизвестно (5148)	Тинистый	314	
Остаточный хлор	0.34	401	59
Мутность	0.54	411	58
Водородный показатель (pH)	7.1	412	58
Железо общее	0.10	413	58
Термотолерантные колиформные бактерии (ТКБ)	отс.	414	58
Общее микробное число (ОМЧ)	отс.	415	58
Остаточный хлор	0.38	416	58
Запах при 60C	1	417	58
Неизвестно (5147)	1	418	58
Неизвестно (5148)	Хлорно-тинистый	419	58
Общие колиформные бактерии (ОКБ)	отс.	420	58
Неизвестно (1000)	Хлорно-тинистый	421	65
Неизвестно (1001)	Хлорно-тинистый	422	65
Запах при 20C	1	423	65
Неизвестно (1003)	20.2	424	65
Цветность	11	425	65
Мутность	<0.30	426	65
Водородный показатель (pH)	7.2	427	65
Железо общее	<0.05	428	65
Термотолерантные колиформные бактерии (ТКБ)	отс.	429	65
Общее микробное число (ОМЧ)	отс.	430	65
Остаточный хлор	0.76	431	65
Неизвестно (5147)	1	433	65
Неизвестно (5148)	Хлорно-тинистый	434	65
Общие колиформные бактерии (ОКБ)	отс.	435	65
Неизвестно (1000)	Хлорно-тинистый	436	42
Неизвестно (1001)	Хлорно-тинистый	437	42
Запах при 20C	1	438	42
Неизвестно (1003)	20.0	439	42
Цветность	11	440	42
Мутность	<0.30	441	42
Водородный показатель (pH)	7.2	442	42
Железо общее	<0.05	443	42
Термотолерантные колиформные бактерии (ТКБ)	отс.	444	42
Общее микробное число (ОМЧ)	отс.	445	42
Остаточный хлор	0.56	446	42
Запах при 60C	1	447	42
Неизвестно (5147)	1	448	42
Неизвестно (5148)	Хлорно-тинистый	449	42
Общие колиформные бактерии (ОКБ)	отс.	450	42
Неизвестно (1000)	Хлорно-тинистый	451	92
Неизвестно (1001)	Хлорно-тинистый	452	92
Запах при 20C	1	453	92
Неизвестно (1003)	19.2	454	92
Цветность	15	455	92
Мутность	0.51	456	92
Водородный показатель (pH)	7.2	457	92
Железо общее	0.11	458	92
Термотолерантные колиформные бактерии (ТКБ)	отс.	459	92
Общее микробное число (ОМЧ)	отс.	460	92
Остаточный хлор	0.46	461	92
Запах при 60C	1	462	92
Неизвестно (5148)	Хлорно-тинистый	464	92
Общие колиформные бактерии (ОКБ)	отс.	465	92
Неизвестно (1000)	Тинистый	466	41
Неизвестно (1001)	Тинистый	467	41
Запах при 20C	1	468	41
Неизвестно (1003)	21.1	469	41
Цветность	12	470	41
Мутность	0.59	471	41
Водородный показатель (pH)	7.1	472	41
Железо общее	<0.05	473	41
Термотолерантные колиформные бактерии (ТКБ)	отс.	474	41
Общее микробное число (ОМЧ)	отс.	475	41
Остаточный хлор	0.41	476	41
Запах при 60C	1	477	41
Неизвестно (5147)	1	478	41
Неизвестно (5148)	Тинистый	479	41
Общие колиформные бактерии (ОКБ)	отс.	480	41
Неизвестно (1000)	Тинистый	481	57
Неизвестно (1001)	Хлорно-тинистый	482	57
Запах при 20C	2	483	57
Неизвестно (1003)	16.8	484	57
Цветность	14	485	57
Мутность	<0.30	486	57
Водородный показатель (pH)	7.3	487	57
Железо общее	<0.05	488	57
Термотолерантные колиформные бактерии (ТКБ)	отс.	489	57
Общее микробное число (ОМЧ)	отс.	490	57
Остаточный хлор	0.44	491	57
Запах при 60C	1	492	57
Неизвестно (5147)	2	493	57
Неизвестно (5148)	Тинистый	494	57
Общие колиформные бактерии (ОКБ)	отс.	495	57
Неизвестно (1000)	Тинистый	496	
Неизвестно (1001)	Тинистый	497	
Запах при 20C	1	498	
Неизвестно (1003)	20.6	499	
Цветность	12	500	
Мутность	<0.30	501	
Водородный показатель (pH)	7.2	502	
Железо общее	0.05	503	
Термотолерантные колиформные бактерии (ТКБ)	отс.	504	
Общее микробное число (ОМЧ)	отс.	505	
Запах при 60C	2	507	
Неизвестно (5147)	1	508	
Неизвестно (5148)	Тинистый	509	
Общие колиформные бактерии (ОКБ)	отс.	510	
Неизвестно (1000)	Хлорно-тинистый	511	
Неизвестно (1001)	Хлорно-тинистый	512	
Запах при 20C	1	513	
Остаточный хлор	0.18	506	
Неизвестно (1003)	20.8	514	
Цветность	12	515	
Мутность	0.50	516	
Водородный показатель (pH)	7.1	517	
Железо общее	<0.05	518	
Термотолерантные колиформные бактерии (ТКБ)	отс.	519	
Общее микробное число (ОМЧ)	отс.	520	
Остаточный хлор	0.52	521	
Запах при 60C	2	522	
Неизвестно (5147)	1	523	
Неизвестно (5148)	Хлорно-тинистый	524	
Общие колиформные бактерии (ОКБ)	отс.	525	
Неизвестно (1000)	Тинистый	526	
Неизвестно (1001)	Тинистый	527	
Запах при 20C	1	528	
Неизвестно (1003)	23.7	529	
Цветность	11	530	
Мутность	0.90	531	
Водородный показатель (pH)	7.1	532	
Железо общее	<0.05	533	
Запах при 20C	1	1484	69
Термотолерантные колиформные бактерии (ТКБ)	отс.	534	
Общее микробное число (ОМЧ)	отс.	535	
Остаточный хлор	0.42	536	
Запах при 60C	1	537	
Неизвестно (5147)	1	538	
Неизвестно (5148)	Тинистый	539	
Общие колиформные бактерии (ОКБ)	отс.	540	
Неизвестно (1000)	Хлорно-тинистый	541	20
Неизвестно (1001)	Хлорно-тинистый	542	20
Запах при 20C	1	543	20
Неизвестно (1003)	20.3	544	20
Цветность	11	545	20
Мутность	<0.30	546	20
Водородный показатель (pH)	7.2	547	20
Железо общее	<0.05	548	20
Термотолерантные колиформные бактерии (ТКБ)	отс.	549	20
Общее микробное число (ОМЧ)	отс.	550	20
Остаточный хлор	0.75	551	20
Запах при 60C	1-2	552	20
Неизвестно (5147)	1	553	20
Неизвестно (5148)	Хлорно-тинистый	554	20
Запах при 60C	1	432	65
Общие колиформные бактерии (ОКБ)	отс.	555	20
Неизвестно (1000)	Тинистый	556	8
Неизвестно (1001)	Тинистый	557	8
Запах при 20C	1	558	8
Неизвестно (1003)	20.1	559	8
Цветность	12	560	8
Мутность	<0.30	561	8
Водородный показатель (pH)	7.1	562	8
Железо общее	<0.05	563	8
Термотолерантные колиформные бактерии (ТКБ)	отс.	564	8
Общее микробное число (ОМЧ)	отс.	565	8
Остаточный хлор	0.61	566	8
Запах при 60C	2	567	8
Неизвестно (5147)	1	568	8
Неизвестно (5148)	Тинистый	569	8
Общие колиформные бактерии (ОКБ)	отс.	570	8
Неизвестно (1000)	Хлорно-тинистый	571	14
Неизвестно (1001)	Хлорно-тинистый	572	14
Неизвестно (1003)	20.2	574	14
Цветность	12	575	14
Мутность	0.35	576	14
Водородный показатель (pH)	7.2	577	14
Железо общее	<0.05	578	14
Термотолерантные колиформные бактерии (ТКБ)	отс.	579	14
Общее микробное число (ОМЧ)	отс.	580	14
Остаточный хлор	0.76	581	14
Запах при 60C	1-2	582	14
Неизвестно (5147)	1	583	14
Неизвестно (5148)	Хлорно-тинистый	584	14
Общие колиформные бактерии (ОКБ)	отс.	585	14
Неизвестно (1000)	Хлорно-тинистый	586	60
Неизвестно (1001)	Хлорно-тинистый	587	60
Запах при 20C	1	588	60
Неизвестно (1003)	21.2	589	60
Цветность	13	590	60
Мутность	0.44	591	60
Водородный показатель (pH)	7.2	592	60
Железо общее	0.09	593	60
Термотолерантные колиформные бактерии (ТКБ)	отс.	594	60
Общее микробное число (ОМЧ)	отс.	595	60
Остаточный хлор	0.74	596	60
Запах при 60C	1	597	60
Неизвестно (5147)	1	598	60
Неизвестно (5148)	Хлорно-тинистый	599	60
Общие колиформные бактерии (ОКБ)	отс.	600	60
Неизвестно (1000)	Болотно-хлорный	601	6
Неизвестно (1001)	Болотно-хлорный	602	6
Запах при 20C	0-1	603	6
Неизвестно (1003)	19.0	604	6
Цветность	12	605	6
Мутность	<0.30	606	6
Водородный показатель (pH)	7.2	607	6
Железо общее	0.11	608	6
Термотолерантные колиформные бактерии (ТКБ)	отс.	609	6
Общее микробное число (ОМЧ)	отс.	610	6
Остаточный хлор	0.16	611	6
Запах при 60C	0-1	612	6
Общие колиформные бактерии (ОКБ)	отс.	613	6
Неизвестно (1000)	Тинистый	614	79
Запах при 20C	1	616	79
Неизвестно (1003)	21.4	617	79
Цветность	12	618	79
Мутность	<0.30	619	79
Водородный показатель (pH)	7.2	620	79
Железо общее	<0.05	621	79
Термотолерантные колиформные бактерии (ТКБ)	отс.	622	79
Общее микробное число (ОМЧ)	отс.	623	79
Запах при 60C	2	625	79
Неизвестно (5147)	1	626	79
Неизвестно (5148)	Тинистый	627	79
Общие колиформные бактерии (ОКБ)	отс.	628	79
Неизвестно (1000)	Тинистый	629	51
Неизвестно (1001)	Тинистый	630	51
Запах при 20C	1	631	51
Неизвестно (1003)	21.9	632	51
Мутность	0.47	812	19
Цветность	11	648	93
Цветность	10	633	51
Мутность	<0.30	634	51
Водородный показатель (pH)	7.2	635	51
Железо общее	<0.05	636	51
Термотолерантные колиформные бактерии (ТКБ)	отс.	637	51
Общее микробное число (ОМЧ)	отс.	638	51
Остаточный хлор	0.42	639	51
Запах при 60C	1	640	51
Неизвестно (5147)	1	641	51
Неизвестно (5148)	Тинистый	642	51
Общие колиформные бактерии (ОКБ)	отс.	643	51
Неизвестно (1000)	Тинистый	644	93
Неизвестно (1001)	Тинистый	645	93
Неизвестно (1003)	22.0	647	93
Мутность	0.33	649	93
Водородный показатель (pH)	7.2	650	93
Железо общее	0.10	651	93
Термотолерантные колиформные бактерии (ТКБ)	отс.	652	93
Общее микробное число (ОМЧ)	отс.	653	93
Остаточный хлор	0.12	654	93
Запах при 60C	1-2	655	93
Неизвестно (5147)	1	656	93
Неизвестно (5148)	Тинистый	657	93
Общие колиформные бактерии (ОКБ)	отс.	658	93
Неизвестно (1000)	Хлорно-тинистый	659	91
Неизвестно (1001)	Хлорно-тинистый	660	91
Запах при 20C	1-2	661	91
Неизвестно (1003)	17.0	662	91
Цветность	12	663	91
Мутность	<0.30	664	91
Водородный показатель (pH)	7.4	665	91
Железо общее	<0.05	666	91
Термотолерантные колиформные бактерии (ТКБ)	отс.	667	91
Общее микробное число (ОМЧ)	отс.	668	91
Остаточный хлор	0.51	669	91
Запах при 60C	2	670	91
Общие колиформные бактерии (ОКБ)	отс.	671	91
Неизвестно (1000)	Тинистый	672	72
Неизвестно (1001)	Тинистый	673	72
Запах при 20C	1	674	72
Неизвестно (1003)	21.7	675	72
Мутность	0.45	677	72
Водородный показатель (pH)	7.3	678	72
Железо общее	0.08	679	72
Термотолерантные колиформные бактерии (ТКБ)	отс.	680	72
Общее микробное число (ОМЧ)	отс.	681	72
Остаточный хлор	0.39	682	72
Запах при 60C	1-2	683	72
Неизвестно (5147)	1	684	72
Неизвестно (5148)	Тинистый	685	72
Общие колиформные бактерии (ОКБ)	отс.	686	72
Неизвестно (1000)	Тинистый	687	28
Неизвестно (1001)	Тинистый	688	28
Запах при 20C	1	689	28
Неизвестно (1003)	21.4	690	28
Цветность	9	691	28
Мутность	<0.30	692	28
Водородный показатель (pH)	7.1	693	28
Железо общее	<0.05	694	28
Термотолерантные колиформные бактерии (ТКБ)	отс.	695	28
Общее микробное число (ОМЧ)	отс.	696	28
Остаточный хлор	0.33	697	28
Запах при 60C	1-2	698	28
Неизвестно (5147)	1	699	28
Неизвестно (5148)	Тинистый	700	28
Общие колиформные бактерии (ОКБ)	отс.	701	28
Неизвестно (1000)	Тинистый	702	
Неизвестно (1001)	Тинистый	703	
Запах при 20C	1	704	
Неизвестно (1003)	19.9	705	
Мутность	0.44	707	
Водородный показатель (pH)	7.1	708	
Железо общее	<0.05	709	
Запах при 20C	1	573	14
Термотолерантные колиформные бактерии (ТКБ)	отс.	710	
Общее микробное число (ОМЧ)	отс.	711	
Остаточный хлор	0.36	712	
Запах при 60C	1-2	713	
Неизвестно (5147)	1	714	
Неизвестно (5148)	Тинистый	715	
Общие колиформные бактерии (ОКБ)	отс.	716	
Неизвестно (1000)	Тинистый	717	90
Неизвестно (1001)	Тинистый	718	90
Запах при 20C	1-2	719	90
Неизвестно (1003)	22.1	720	90
Мутность	<0.30	722	90
Водородный показатель (pH)	7.2	723	90
Железо общее	<0.05	724	90
Термотолерантные колиформные бактерии (ТКБ)	отс.	725	90
Общее микробное число (ОМЧ)	отс.	726	90
Остаточный хлор	0.53	727	90
Запах при 60C	1-2	728	90
Неизвестно (5147)	1-2	729	90
Неизвестно (5148)	Тинистый	730	90
Общие колиформные бактерии (ОКБ)	отс.	731	90
Неизвестно (1000)	Тинистый	732	
Неизвестно (1001)	Хлорно-тинистый	733	
Запах при 20C	1	734	
Неизвестно (1003)	17.5	735	
Цветность	9	736	
Мутность	<0.30	737	
Водородный показатель (pH)	7.1	738	
Железо общее	<0.05	739	
Водородный показатель (pH)	7.2	813	19
Термотолерантные колиформные бактерии (ТКБ)	отс.	740	
Общее микробное число (ОМЧ)	отс.	741	
Остаточный хлор	0.33	742	
Запах при 60C	1	743	
Неизвестно (5147)	1	744	
Неизвестно (5148)	Тинистый	745	
Общие колиформные бактерии (ОКБ)	отс.	746	
Неизвестно (1000)	Тинистый	747	62
Неизвестно (1001)	Тинистый	748	62
Запах при 20C	2	749	62
Неизвестно (1003)	18.3	750	62
Цветность	9	751	62
Мутность	0.46	752	62
Водородный показатель (pH)	7.2	753	62
Железо общее	<0.05	754	62
Термотолерантные колиформные бактерии (ТКБ)	отс.	755	62
Общее микробное число (ОМЧ)	отс.	756	62
Остаточный хлор	0.35	757	62
Запах при 60C	2	758	62
Неизвестно (5147)	2	759	62
Неизвестно (5148)	Тинистый	760	62
Общие колиформные бактерии (ОКБ)	отс.	761	62
Неизвестно (1000)	Тинистый	762	18
Неизвестно (1001)	Тинистый	763	18
Запах при 20C	1	764	18
Неизвестно (1003)	20.5	765	18
Цветность	10	766	18
Мутность	0.84	767	18
Водородный показатель (pH)	7.1	768	18
Термотолерантные колиформные бактерии (ТКБ)	отс.	770	18
Общее микробное число (ОМЧ)	отс.	771	18
Остаточный хлор	0.20	772	18
Запах при 60C	1	773	18
Неизвестно (5147)	1	774	18
Неизвестно (5148)	Тинистый	775	18
Общие колиформные бактерии (ОКБ)	отс.	776	18
Неизвестно (1000)	Тинистый	777	22
Неизвестно (1001)	Тинистый	778	22
Запах при 20C	1	779	22
Неизвестно (1003)	17.9	780	22
Цветность	9	781	22
Запах при 20C	1	646	93
Цветность	10	676	72
Цветность	9	811	19
Мутность	0.42	782	22
Водородный показатель (pH)	7.4	783	22
Железо общее	<0.05	784	22
Термотолерантные колиформные бактерии (ТКБ)	отс.	785	22
Общее микробное число (ОМЧ)	отс.	786	22
Остаточный хлор	0.36	787	22
Запах при 60C	2	788	22
Неизвестно (5147)	1	789	22
Неизвестно (5148)	Тинистый	790	22
Общие колиформные бактерии (ОКБ)	отс.	791	22
Неизвестно (1000)	Хлорно-тинистый	792	9
Неизвестно (1001)	Хлорно-тинистый	793	9
Запах при 20C	1	794	9
Неизвестно (1003)	19.9	795	9
Цветность	8	796	9
Мутность	<0.30	797	9
Водородный показатель (pH)	7.1	798	9
Железо общее	0.06	799	9
Термотолерантные колиформные бактерии (ТКБ)	отс.	800	9
Общее микробное число (ОМЧ)	отс.	801	9
Остаточный хлор	0.76	802	9
Запах при 60C	1-2	803	9
Неизвестно (5147)	1	804	9
Неизвестно (5148)	Хлорно-тинистый	805	9
Общие колиформные бактерии (ОКБ)	отс.	806	9
Неизвестно (1000)	Тинистый	807	19
Неизвестно (1001)	Тинистый	808	19
Неизвестно (1003)	20.8	810	19
Железо общее	<0.05	814	19
Термотолерантные колиформные бактерии (ТКБ)	отс.	815	19
Общее микробное число (ОМЧ)	отс.	816	19
Остаточный хлор	0.26	817	19
Запах при 60C	1-2	818	19
Неизвестно (5147)	1	819	19
Неизвестно (5148)	Тинистый	820	19
Общие колиформные бактерии (ОКБ)	отс.	821	19
Неизвестно (1000)	Тинистый	822	24
Неизвестно (1001)	Тинистый	823	24
Запах при 20C	1	824	24
Неизвестно (1003)	19.6	825	24
Цветность	11	826	24
Мутность	<0.30	827	24
Водородный показатель (pH)	7.3	828	24
Железо общее	<0.05	829	24
Термотолерантные колиформные бактерии (ТКБ)	отс.	830	24
Общее микробное число (ОМЧ)	отс.	831	24
Остаточный хлор	0.36	832	24
Запах при 60C	1-2	833	24
Неизвестно (5147)	1	834	24
Неизвестно (5148)	Тинистый	835	24
Общие колиформные бактерии (ОКБ)	отс.	836	24
Неизвестно (1000)	Тинистый	837	
Неизвестно (1001)	Тинистый	838	
Запах при 20C	1	839	
Неизвестно (1003)	19.6	840	
Цветность	11	841	
Мутность	<0.30	842	
Водородный показатель (pH)	7.1	843	
Железо общее	0.06	844	
Термотолерантные колиформные бактерии (ТКБ)	отс.	845	
Общее микробное число (ОМЧ)	отс.	846	
Остаточный хлор	0.22	847	
Неизвестно (5147)	1	849	
Неизвестно (5148)	Тинистый	850	
Общие колиформные бактерии (ОКБ)	отс.	851	
Неизвестно (1000)	Тинистый	852	12
Неизвестно (1001)	Тинистый	853	12
Запах при 20C	1	854	12
Неизвестно (1003)	19.1	855	12
Цветность	11	856	12
Мутность	<0.30	857	12
Водородный показатель (pH)	7.2	858	12
Железо общее	<0.05	859	12
Термотолерантные колиформные бактерии (ТКБ)	отс.	860	12
Общее микробное число (ОМЧ)	отс.	861	12
Остаточный хлор	0.13	862	12
Запах при 60C	1-2	863	12
Неизвестно (5147)	1	864	12
Неизвестно (5148)	Тинистый	865	12
Общие колиформные бактерии (ОКБ)	отс.	866	12
Неизвестно (1000)	Тинистый	867	17
Неизвестно (1001)	Тинистый	868	17
Запах при 20C	1-2	869	17
Неизвестно (1003)	20.4	870	17
Цветность	7	871	17
Мутность	0.41	872	17
Водородный показатель (pH)	7.3	873	17
Железо общее	0.05	874	17
Термотолерантные колиформные бактерии (ТКБ)	отс.	875	17
Общее микробное число (ОМЧ)	отс.	876	17
Остаточный хлор	0.22	877	17
Запах при 60C	2	878	17
Неизвестно (5147)	1-2	879	17
Неизвестно (5148)	Тинистый	880	17
Общие колиформные бактерии (ОКБ)	отс.	881	17
Неизвестно (1000)	Без запаха	882	15
Неизвестно (1001)	Тинистый	883	15
Неизвестно (1003)	20.5	885	15
Цветность	<5	886	15
Мутность	0.50	887	15
Водородный показатель (pH)	7.4	888	15
Железо общее	<0.05	889	15
Термотолерантные колиформные бактерии (ТКБ)	отс.	890	15
Общее микробное число (ОМЧ)	отс.	891	15
Остаточный хлор	0.24	892	15
Запах при 60C	1	893	15
Неизвестно (5147)	0	894	15
Неизвестно (5148)	Без привкуса	895	15
Общие колиформные бактерии (ОКБ)	отс.	896	15
Неизвестно (1000)	Тинистый	897	11
Неизвестно (1001)	Тинистый	898	11
Запах при 20C	1	899	11
Неизвестно (1003)	19.7	900	11
Цветность	7	901	11
Мутность	<0.30	902	11
Водородный показатель (pH)	7.3	903	11
Железо общее	<0.05	904	11
Термотолерантные колиформные бактерии (ТКБ)	отс.	905	11
Общее микробное число (ОМЧ)	отс.	906	11
Остаточный хлор	0.22	907	11
Запах при 60C	2	908	11
Неизвестно (5147)	1	909	11
Неизвестно (5148)	Тинистый	910	11
Общие колиформные бактерии (ОКБ)	отс.	911	11
Неизвестно (1000)	Тинистый	912	97
Неизвестно (1001)	Тинистый	913	97
Запах при 20C	1	914	97
Неизвестно (1003)	20.5	915	97
Цветность	10	916	97
Мутность	0.46	917	97
Водородный показатель (pH)	7.1	918	97
Железо общее	<0.05	919	97
Термотолерантные колиформные бактерии (ТКБ)	отс.	920	97
Общее микробное число (ОМЧ)	отс.	921	97
Остаточный хлор	0.13	922	97
Запах при 60C	1-2	923	97
Неизвестно (5147)	1	924	97
Неизвестно (5148)	Тинистый	925	97
Общие колиформные бактерии (ОКБ)	отс.	926	97
Неизвестно (1000)	Тинистый	927	89
Неизвестно (1001)	Тинистый	928	89
Запах при 20C	1	929	89
Неизвестно (1003)	21.1	930	89
Цветность	6	931	89
Мутность	<0.30	932	89
Водородный показатель (pH)	7.2	933	89
Железо общее	<0.05	934	89
Запах при 20C	1	809	19
Запах при 20C	0	884	15
Остаточный хлор	0.22	952	77
Термотолерантные колиформные бактерии (ТКБ)	отс.	935	89
Общее микробное число (ОМЧ)	отс.	936	89
Остаточный хлор	0.26	937	89
Запах при 60C	1-2	938	89
Неизвестно (5147)	1	939	89
Неизвестно (5148)	Тинистый	940	89
Общие колиформные бактерии (ОКБ)	отс.	941	89
Неизвестно (1000)	Хлорно-тинистый	942	77
Неизвестно (1001)	Тинистый	943	77
Запах при 20C	1	944	77
Неизвестно (1003)	22.6	945	77
Цветность	<5	946	77
Мутность	0.45	947	77
Водородный показатель (pH)	7.4	948	77
Железо общее	0.10	949	77
Термотолерантные колиформные бактерии (ТКБ)	отс.	950	77
Общее микробное число (ОМЧ)	отс.	951	77
Запах при 60C	1-2	953	77
Неизвестно (5147)	0-1	954	77
Неизвестно (5148)	Без привкуса	955	77
Общие колиформные бактерии (ОКБ)	отс.	956	77
Неизвестно (1000)	Тинистый	957	100
Неизвестно (1001)	Хлорно-тинистый	958	100
Запах при 20C	1-2	959	100
Неизвестно (1003)	21.1	960	100
Цветность	9	961	100
Мутность	0.48	962	100
Водородный показатель (pH)	7.1	963	100
Железо общее	0.05	964	100
Термотолерантные колиформные бактерии (ТКБ)	отс.	965	100
Общее микробное число (ОМЧ)	отс.	966	100
Остаточный хлор	0.35	967	100
Запах при 60C	1	968	100
Неизвестно (5147)	1	969	100
Неизвестно (5148)	Тинистый	970	100
Общие колиформные бактерии (ОКБ)	отс.	971	100
Неизвестно (1000)	Тинистый	972	78
Неизвестно (1001)	Тинистый	973	78
Запах при 20C	1	974	78
Неизвестно (1003)	21.3	975	78
Цветность	8	976	78
Мутность	0.32	977	78
Водородный показатель (pH)	7.2	978	78
Железо общее	0.07	979	78
Термотолерантные колиформные бактерии (ТКБ)	отс.	980	78
Общее микробное число (ОМЧ)	отс.	981	78
Остаточный хлор	0.13	982	78
Запах при 60C	1-2	983	78
Неизвестно (5147)	1	984	78
Неизвестно (5148)	Тинистый	985	78
Общие колиформные бактерии (ОКБ)	отс.	986	78
Неизвестно (1000)	Хлорно-тинистый	987	55
Неизвестно (1001)	Хлорно-тинистый	988	55
Запах при 20C	1-2	989	55
Неизвестно (1003)	21.8	990	55
Мутность	<0.30	992	55
Водородный показатель (pH)	7.2	993	55
Железо общее	<0.05	994	55
Термотолерантные колиформные бактерии (ТКБ)	отс.	995	55
Остаточный хлор	0.30	997	55
Запах при 60C	1-2	998	55
Неизвестно (5147)	1-2	999	55
Неизвестно (5148)	Хлорно-тинистый	1000	55
Общие колиформные бактерии (ОКБ)	отс.	1001	55
Неизвестно (1000)	Тинистый	1002	48
Неизвестно (1001)	Хлорно-тинистый	1003	48
Запах при 20C	1-2	1004	48
Неизвестно (1003)	19.3	1005	48
Цветность	9	1006	48
Мутность	<0.30	1007	48
Железо общее	<0.05	1009	48
Запах при 20C	1	1034	16
Термотолерантные колиформные бактерии (ТКБ)	отс.	1010	48
Общее микробное число (ОМЧ)	отс.	1011	48
Остаточный хлор	0.38	1012	48
Запах при 60C	1-2	1013	48
Неизвестно (5147)	1	1014	48
Неизвестно (5148)	Тинистый	1015	48
Общие колиформные бактерии (ОКБ)	отс.	1016	48
Неизвестно (1000)	Тинистый	1017	3
Неизвестно (1001)	Тинистый	1018	3
Запах при 20C	1-2	1019	3
Неизвестно (1003)	19.7	1020	3
Цветность	6	1021	3
Мутность	<0.30	1022	3
Водородный показатель (pH)	7.4	1023	3
Железо общее	<0.05	1024	3
Термотолерантные колиформные бактерии (ТКБ)	отс.	1025	3
Общее микробное число (ОМЧ)	отс.	1026	3
Остаточный хлор	0.25	1027	3
Запах при 60C	1-2	1028	3
Неизвестно (5147)	1-2	1029	3
Неизвестно (5148)	Тинистый	1030	3
Общие колиформные бактерии (ОКБ)	отс.	1031	3
Неизвестно (1000)	Тинистый	1032	16
Неизвестно (1001)	Тинистый	1033	16
Неизвестно (1003)	21.3	1035	16
Цветность	6	1036	16
Мутность	<0.30	1037	16
Водородный показатель (pH)	7.3	1038	16
Железо общее	<0.05	1039	16
Термотолерантные колиформные бактерии (ТКБ)	отс.	1040	16
Общее микробное число (ОМЧ)	отс.	1041	16
Остаточный хлор	0.19	1042	16
Запах при 60C	1-2	1043	16
Неизвестно (5147)	1	1044	16
Неизвестно (5148)	Тинистый	1045	16
Общие колиформные бактерии (ОКБ)	отс.	1046	16
Неизвестно (1000)	Тинистый	1047	
Неизвестно (1001)	Тинистый	1048	
Запах при 20C	1-2	1049	
Неизвестно (1003)	20.0	1050	
Цветность	8	1051	
Мутность	0.38	1052	
Водородный показатель (pH)	7.2	1053	
Железо общее	<0.05	1054	
Неизвестно (1003)	20.2	1485	69
Термотолерантные колиформные бактерии (ТКБ)	отс.	1055	
Общее микробное число (ОМЧ)	отс.	1056	
Остаточный хлор	0.38	1057	
Запах при 60C	1-2	1058	
Неизвестно (5147)	1-2	1059	
Неизвестно (5148)	Тинистый	1060	
Общие колиформные бактерии (ОКБ)	отс.	1061	
Неизвестно (1000)	Без запаха	1062	
Неизвестно (1001)	Хлорный	1063	
Запах при 20C	0-1	1064	
Неизвестно (1003)	23.5	1065	
Цветность	7	991	55
Цветность	5	1066	
Мутность	<0.30	1067	
Водородный показатель (pH)	7.4	1068	
Железо общее	<0.05	1069	
Термотолерантные колиформные бактерии (ТКБ)	отс.	1070	
Общее микробное число (ОМЧ)	отс.	1071	
Остаточный хлор	0.51	1072	
Запах при 60C	1-2	1073	
Неизвестно (5147)	0-1	1074	
Неизвестно (5148)	Без привкуса	1075	
Общие колиформные бактерии (ОКБ)	отс.	1076	
Неизвестно (1000)	Без запаха	1077	21
Неизвестно (1001)	Хлорный	1078	21
Неизвестно (1003)	19.6	1080	21
Цветность	<5	1081	21
Запах при 20C	0	1109	56
Мутность	<0.30	1082	21
Водородный показатель (pH)	7.4	1083	21
Железо общее	<0.05	1084	21
Термотолерантные колиформные бактерии (ТКБ)	отс.	1085	21
Общее микробное число (ОМЧ)	отс.	1086	21
Остаточный хлор	0.30	1087	21
Запах при 60C	1	1088	21
Неизвестно (5147)	0	1089	21
Неизвестно (5148)	Без привкуса	1090	21
Общие колиформные бактерии (ОКБ)	отс.	1091	21
Неизвестно (1000)	Без запаха	1092	31
Неизвестно (1001)	Хлорный	1093	31
Запах при 20C	0	1094	31
Неизвестно (1003)	21.0	1095	31
Цветность	<5	1096	31
Мутность	0.36	1097	31
Водородный показатель (pH)	7.4	1098	31
Железо общее	<0.05	1099	31
Термотолерантные колиформные бактерии (ТКБ)	отс.	1100	31
Общее микробное число (ОМЧ)	отс.	1101	31
Остаточный хлор	0.36	1102	31
Запах при 60C	1	1103	31
Неизвестно (5147)	0	1104	31
Неизвестно (5148)	Без привкуса	1105	31
Общие колиформные бактерии (ОКБ)	отс.	1106	31
Неизвестно (1000)	Без запаха	1107	56
Неизвестно (1001)	Хлорный	1108	56
Неизвестно (1003)	21.0	1110	56
Мутность	0.86	1112	56
Водородный показатель (pH)	7.3	1113	56
Железо общее	0.11	1114	56
Термотолерантные колиформные бактерии (ТКБ)	отс.	1115	56
Общее микробное число (ОМЧ)	отс.	1116	56
Остаточный хлор	0.58	1117	56
Запах при 60C	1	1118	56
Неизвестно (5147)	0	1119	56
Неизвестно (5148)	Без привкуса	1120	56
Общие колиформные бактерии (ОКБ)	отс.	1121	56
Неизвестно (1000)	Тинистый	1122	83
Неизвестно (1001)	Тинистый	1123	83
Запах при 20C	1-2	1124	83
Неизвестно (1003)	18.7	1125	83
Цветность	9	1126	83
Мутность	<0.30	1127	83
Водородный показатель (pH)	7.2	1128	83
Железо общее	<0.05	1129	83
Термотолерантные колиформные бактерии (ТКБ)	отс.	1130	83
Общее микробное число (ОМЧ)	отс.	1131	83
Остаточный хлор	0.22	1132	83
Запах при 60C	2	1133	83
Неизвестно (5147)	1-2	1134	83
Неизвестно (5148)	Тинистый	1135	83
Общие колиформные бактерии (ОКБ)	отс.	1136	83
Неизвестно (1000)	Хлорный	1137	66
Неизвестно (1001)	Хлорный	1138	66
Запах при 20C	1	1139	66
Неизвестно (1003)	20.3	1140	66
Цветность	<5	1141	66
Мутность	0.36	1142	66
Водородный показатель (pH)	7.4	1143	66
Железо общее	0.08	1144	66
Термотолерантные колиформные бактерии (ТКБ)	отс.	1145	66
Общее микробное число (ОМЧ)	отс.	1146	66
Остаточный хлор	0.37	1147	66
Запах при 60C	1	1148	66
Неизвестно (5147)	0	1149	66
Неизвестно (5148)	Без привкуса	1150	66
Общие колиформные бактерии (ОКБ)	отс.	1151	66
Неизвестно (1000)	Хлорный	1152	1
Неизвестно (1001)	Хлорный	1153	1
Запах при 20C	1	1154	1
Неизвестно (1003)	19.7	1155	1
Водородный показатель (pH)	7.2	1008	48
Цветность	<5	1156	1
Мутность	<0.30	1157	1
Водородный показатель (pH)	7.3	1158	1
Железо общее	<0.05	1159	1
Термотолерантные колиформные бактерии (ТКБ)	отс.	1160	1
Общее микробное число (ОМЧ)	отс.	1161	1
Остаточный хлор	0.74	1162	1
Запах при 60C	1	1163	1
Неизвестно (5147)	0	1164	1
Неизвестно (5148)	Без привкуса	1165	1
Общие колиформные бактерии (ОКБ)	отс.	1166	1
Неизвестно (1000)	Без запаха	1167	
Неизвестно (1001)	Хлорный	1168	
Запах при 20C	0	1169	
Неизвестно (1003)	20.8	1170	
Цветность	<5	1171	
Мутность	<0.30	1172	
Водородный показатель (pH)	7.3	1173	
Железо общее	<0.05	1174	
Термотолерантные колиформные бактерии (ТКБ)	отс.	1175	
Общее микробное число (ОМЧ)	отс.	1176	
Остаточный хлор	0.42	1177	
Запах при 60C	1	1178	
Неизвестно (5147)	0	1179	
Неизвестно (5148)	Без привкуса	1180	
Общие колиформные бактерии (ОКБ)	отс.	1181	
Неизвестно (1000)	Тинистый	1182	82
Неизвестно (1001)	Хлорно-тинистый	1183	82
Неизвестно (1003)	18.0	1185	82
Цветность	5	1186	82
Мутность	<0.30	1187	82
Водородный показатель (pH)	7.3	1188	82
Железо общее	<0.05	1189	82
Термотолерантные колиформные бактерии (ТКБ)	отс.	1190	82
Общее микробное число (ОМЧ)	отс.	1191	82
Остаточный хлор	0.36	1192	82
Запах при 60C	1	1193	82
Неизвестно (5147)	0	1194	82
Неизвестно (5148)	Без привкуса	1195	82
Общие колиформные бактерии (ОКБ)	отс.	1196	82
Неизвестно (1000)	Тинистый	1197	
Неизвестно (1001)	Тинистый	1198	
Запах при 20C	1-2	1199	
Неизвестно (1003)	21.6	1200	
Цветность	7	1201	
Мутность	<0.30	1202	
Водородный показатель (pH)	7.3	1203	
Железо общее	<0.05	1204	
Термотолерантные колиформные бактерии (ТКБ)	отс.	1205	
Общее микробное число (ОМЧ)	отс.	1206	
Остаточный хлор	0.29	1207	
Запах при 60C	2	1208	
Неизвестно (5147)	1-2	1209	
Неизвестно (5148)	Тинистый	1210	
Общие колиформные бактерии (ОКБ)	отс.	1211	
Неизвестно (1000)	Хлорно-тинистый	1212	
Неизвестно (1001)	Хлорно-тинистый	1213	
Неизвестно (1003)	19.4	1215	
Цветность	6	1216	
Мутность	<0.30	1217	
Водородный показатель (pH)	7.3	1218	
Железо общее	<0.05	1219	
Термотолерантные колиформные бактерии (ТКБ)	отс.	1220	
Общее микробное число (ОМЧ)	отс.	1221	
Остаточный хлор	0.67	1222	
Запах при 60C	1-2	1223	
Неизвестно (5147)	1	1224	
Неизвестно (5148)	Хлорно-тинистый	1225	
Цветность	<5	1111	56
Общие колиформные бактерии (ОКБ)	отс.	1226	
Неизвестно (1000)	Без запаха	1227	85
Неизвестно (1001)	Хлорно-тинистый	1228	85
Неизвестно (1003)	18.0	1230	85
Мутность	<0.30	1232	85
Водородный показатель (pH)	7.3	1233	85
Железо общее	<0.05	1234	85
Термотолерантные колиформные бактерии (ТКБ)	отс.	1235	85
Общее микробное число (ОМЧ)	отс.	1236	85
Остаточный хлор	0.39	1237	85
Запах при 60C	0-1	1238	85
Неизвестно (5147)	0	1239	85
Неизвестно (5148)	Без привкуса	1240	85
Общие колиформные бактерии (ОКБ)	отс.	1241	85
Неизвестно (1000)	Без запаха	1242	
Неизвестно (1001)	Хлорный	1243	
Запах при 20C	0	1244	
Неизвестно (1003)	18.0	1245	
Цветность	7	1246	
Мутность	<0.30	1247	
Водородный показатель (pH)	7.3	1248	
Железо общее	0.05	1249	
Термотолерантные колиформные бактерии (ТКБ)	отс.	1250	
Общее микробное число (ОМЧ)	отс.	1251	
Остаточный хлор	0.36	1252	
Запах при 60C	1-2	1253	
Неизвестно (5147)	0	1254	
Неизвестно (5148)	Без привкуса	1255	
Общие колиформные бактерии (ОКБ)	отс.	1256	
Неизвестно (1000)	Тинистый	1257	
Неизвестно (1001)	Тинистый	1258	
Запах при 20C	1-2	1259	
Неизвестно (1003)	19.6	1260	
Цветность	8	1261	
Мутность	0.78	1262	
Водородный показатель (pH)	7.3	1263	
Железо общее	<0.05	1264	
Термотолерантные колиформные бактерии (ТКБ)	отс.	1265	
Общее микробное число (ОМЧ)	отс.	1266	
Остаточный хлор	0.21	1267	
Запах при 60C	1-2	1268	
Неизвестно (5147)	1-2	1269	
Неизвестно (5148)	Тинистый	1270	
Общие колиформные бактерии (ОКБ)	отс.	1271	
Неизвестно (1000)	Хлорный	1272	
Неизвестно (1001)	Хлорный	1273	
Запах при 20C	1	1274	
Запах при 20C	1	1184	82
Неизвестно (1003)	16.3	1275	
Цветность	8	1276	
Мутность	<0.30	1277	
Водородный показатель (pH)	7.3	1278	
Железо общее	<0.05	1279	
Термотолерантные колиформные бактерии (ТКБ)	отс.	1280	
Общее микробное число (ОМЧ)	отс.	1281	
Остаточный хлор	0.43	1282	
Запах при 60C	1	1283	
Неизвестно (5147)	0	1284	
Неизвестно (5148)	Без привкуса	1285	
Общие колиформные бактерии (ОКБ)	отс.	1286	
Неизвестно (1000)	Тинистый	1287	95
Неизвестно (1001)	Тинистый	1288	95
Запах при 20C	1	1289	95
Неизвестно (1003)	20.8	1290	95
Цветность	5	1291	95
Мутность	0.54	1292	95
Водородный показатель (pH)	7.3	1293	95
Железо общее	<0.05	1294	95
Термотолерантные колиформные бактерии (ТКБ)	отс.	1295	95
Общее микробное число (ОМЧ)	отс.	1296	95
Остаточный хлор	0.12	1297	95
Запах при 20C	1	168	40
Запах при 60C	1-2	1329	
Запах при 60C	1-2	1298	95
Неизвестно (5147)	1	1299	95
Неизвестно (5148)	Тинистый	1300	95
Общие колиформные бактерии (ОКБ)	отс.	1301	95
Неизвестно (1000)	Без запаха	1302	
Неизвестно (1001)	Без запаха	1303	
Запах при 20C	0	1304	
Неизвестно (1003)	17.5	1305	
Цветность	<5	1306	
Мутность	<0.30	1307	
Водородный показатель (pH)	7.3	1308	
Железо общее	<0.05	1309	
Термотолерантные колиформные бактерии (ТКБ)	отс.	1310	
Общее микробное число (ОМЧ)	отс.	1311	
Остаточный хлор	0.71	1312	
Запах при 60C	0	1313	
Неизвестно (5147)	0	1314	
Цветность	<5	1681	39
Неизвестно (5148)	Без привкуса	1315	
Общие колиформные бактерии (ОКБ)	отс.	1316	
Неизвестно (1000)	Хлорно-тинистый	1317	
Неизвестно (1001)	Хлорно-тинистый	1318	
Запах при 20C	1	1319	
Неизвестно (1003)	18.5	1320	
Цветность	8	1321	
Мутность	0.33	1322	
Водородный показатель (pH)	7.4	1323	
Железо общее	<0.05	1324	
Термотолерантные колиформные бактерии (ТКБ)	отс.	1325	
Запах при 60C	1-2	1326	4
Общее микробное число (ОМЧ)	отс.	1327	
Остаточный хлор	0.55	1328	
Неизвестно (5147)	1	1330	
Неизвестно (5148)	Хлорно-тинистый	1331	
Общие колиформные бактерии (ОКБ)	отс.	1332	
Неизвестно (1000)	Тинистый	1333	35
Неизвестно (1001)	Хлорно-тинистый	1334	35
Запах при 20C	1-2	1335	35
Неизвестно (1003)	20.1	1336	35
Цветность	5	1337	35
Мутность	<0.30	1338	35
Водородный показатель (pH)	7.3	1339	35
Железо общее	<0.05	1340	35
Термотолерантные колиформные бактерии (ТКБ)	отс.	1341	35
Общее микробное число (ОМЧ)	отс.	1342	35
Остаточный хлор	0.29	1343	35
Запах при 60C	1-2	1344	35
Неизвестно (5147)	1	1345	35
Неизвестно (5148)	Тинистый	1346	35
Общие колиформные бактерии (ОКБ)	отс.	1347	35
Неизвестно (1000)	Хлорный	1348	87
Неизвестно (1001)	Хлорный	1349	87
Запах при 20C	1	1350	87
Неизвестно (1003)	19.9	1351	87
Мутность	<0.30	1353	87
Водородный показатель (pH)	7.3	1354	87
Железо общее	<0.05	1355	87
Термотолерантные колиформные бактерии (ТКБ)	отс.	1356	87
Общее микробное число (ОМЧ)	отс.	1357	87
Остаточный хлор	0.50	1358	87
Запах при 60C	1	1359	87
Неизвестно (5147)	0	1360	87
Неизвестно (5148)	Без привкуса	1361	87
Общие колиформные бактерии (ОКБ)	отс.	1362	87
Неизвестно (1000)	Без запаха	1363	34
Неизвестно (1001)	Хлорный	1364	34
Запах при 20C	0	1365	34
Неизвестно (1003)	18.0	1366	34
Цветность	5	1367	34
Мутность	<0.30	1368	34
Водородный показатель (pH)	7.2	1369	34
Железо общее	<0.05	1370	34
Термотолерантные колиформные бактерии (ТКБ)	отс.	1371	34
Общее микробное число (ОМЧ)	отс.	1372	34
Неизвестно (5147)	1	313	
Запах при 20C	0	1229	85
Цветность	<5	1426	
Остаточный хлор	0.60	1373	34
Запах при 60C	1	1374	34
Неизвестно (5147)	0	1375	34
Неизвестно (5148)	Без привкуса	1376	34
Общие колиформные бактерии (ОКБ)	отс.	1377	34
Неизвестно (1000)	Тинистый	1378	23
Неизвестно (1001)	Тинистый	1379	23
Запах при 20C	1	1380	23
Неизвестно (1003)	20.0	1381	23
Цветность	5	1382	23
Мутность	0.45	1383	23
Водородный показатель (pH)	7.3	1384	23
Железо общее	<0.05	1385	23
Термотолерантные колиформные бактерии (ТКБ)	отс.	1386	23
Общее микробное число (ОМЧ)	отс.	1387	23
Остаточный хлор	0.34	1388	23
Запах при 60C	1-2	1389	23
Неизвестно (5147)	1-2	1390	23
Неизвестно (5148)	Тинистый	1391	23
Общие колиформные бактерии (ОКБ)	отс.	1392	23
Неизвестно (1000)	Хлорно-тинистый	1393	4
Неизвестно (1001)	Хлорно-тинистый	1394	4
Запах при 20C	1	1395	4
Неизвестно (1003)	19.2	1396	4
Цветность	6	1397	4
Мутность	<0.30	1398	4
Водородный показатель (pH)	7.4	1399	4
Железо общее	0.05	1400	4
Термотолерантные колиформные бактерии (ТКБ)	отс.	1401	4
Общее микробное число (ОМЧ)	отс.	1402	4
Остаточный хлор	0.72	1403	4
Неизвестно (5147)	1	1404	4
Неизвестно (5148)	Хлорно-тинистый	1405	4
Общие колиформные бактерии (ОКБ)	отс.	1406	4
Неизвестно (1000)	Без запаха	1407	63
Неизвестно (1001)	Хлорно-тинистый	1408	63
Запах при 20C	0	1409	63
Неизвестно (1003)	19.4	1410	63
Цветность	<5	1411	63
Мутность	<0.30	1412	63
Водородный показатель (pH)	7.3	1413	63
Железо общее	<0.05	1414	63
Термотолерантные колиформные бактерии (ТКБ)	отс.	1415	63
Общее микробное число (ОМЧ)	отс.	1416	63
Остаточный хлор	0.45	1417	63
Запах при 60C	1	1418	63
Неизвестно (5147)	0	1419	63
Неизвестно (5148)	Без привкуса	1420	63
Общие колиформные бактерии (ОКБ)	отс.	1421	63
Неизвестно (1000)	Без запаха	1422	
Неизвестно (1003)	20.3	1425	
Мутность	<0.30	1427	
Водородный показатель (pH)	7.3	1428	
Железо общее	<0.05	1429	
Термотолерантные колиформные бактерии (ТКБ)	отс.	1430	
Общее микробное число (ОМЧ)	отс.	1431	
Остаточный хлор	0.69	1432	
Запах при 60C	1	1433	
Неизвестно (5147)	0	1434	
Неизвестно (5148)	Без привкуса	1435	
Общие колиформные бактерии (ОКБ)	отс.	1436	
Неизвестно (1000)	Тинистый	1437	
Неизвестно (1001)	Тинистый	1438	
Запах при 20C	1-2	1439	
Неизвестно (1003)	21.3	1440	
Цветность	7	1441	
Мутность	0.30	1442	
Водородный показатель (pH)	7.3	1443	
Железо общее	<0.05	1444	
Термотолерантные колиформные бактерии (ТКБ)	отс.	1445	
Общее микробное число (ОМЧ)	отс.	1446	
Остаточный хлор	0.23	1447	
Запах при 60C	2	1448	
Неизвестно (5147)	1-2	1449	
Неизвестно (5148)	Тинистый	1450	
Общие колиформные бактерии (ОКБ)	отс.	1451	
Неизвестно (1000)	Хлорно-тинистый	1452	47
Неизвестно (1001)	Хлорно-тинистый	1453	47
Запах при 20C	1	1454	47
Неизвестно (1003)	19.4	1455	47
Цветность	7	1456	47
Мутность	<0.30	1457	47
Водородный показатель (pH)	7.3	1458	47
Железо общее	<0.05	1459	47
Термотолерантные колиформные бактерии (ТКБ)	отс.	1460	47
Общее микробное число (ОМЧ)	отс.	1461	47
Остаточный хлор	0.75	1462	47
Запах при 60C	1-2	1463	47
Неизвестно (5147)	1	1464	47
Неизвестно (5148)	Хлорно-тинистый	1465	47
Общие колиформные бактерии (ОКБ)	отс.	1466	47
Неизвестно (1000)	Хлорно-тинистый	1467	25
Неизвестно (1001)	Хлорно-тинистый	1468	25
Запах при 20C	1	1469	25
Неизвестно (1003)	15.0	1470	25
Цветность	<5	1471	25
Мутность	<0.30	1472	25
Водородный показатель (pH)	7.5	1473	25
Железо общее	<0.05	1474	25
Термотолерантные колиформные бактерии (ТКБ)	отс.	1475	25
Общее микробное число (ОМЧ)	отс.	1476	25
Остаточный хлор	0.78	1477	25
Запах при 60C	1-2	1478	25
Неизвестно (5147)	1	1479	25
Неизвестно (5148)	Хлорно-тинистый	1480	25
Общие колиформные бактерии (ОКБ)	отс.	1481	25
Неизвестно (1000)	Хлорно-тинистый	1482	69
Неизвестно (1001)	Хлорно-тинистый	1483	69
Цветность	<5	1486	69
Мутность	<0.30	1487	69
Водородный показатель (pH)	7.2	1488	69
Железо общее	0.06	1489	69
Термотолерантные колиформные бактерии (ТКБ)	отс.	1490	69
Общее микробное число (ОМЧ)	отс.	1491	69
Остаточный хлор	0.67	1492	69
Запах при 60C	1	1493	69
Неизвестно (5147)	1	1494	69
Неизвестно (5148)	Хлорно-тинистый	1495	69
Общие колиформные бактерии (ОКБ)	отс.	1496	69
Неизвестно (1000)	Тинистый	1497	94
Неизвестно (1001)	Тинистый	1498	94
Запах при 20C	0	1079	21
Запах при 20C	1	1499	94
Неизвестно (1003)	21.1	1500	94
Цветность	<5	1501	94
Мутность	<0.30	1502	94
Водородный показатель (pH)	7.3	1503	94
Железо общее	0.06	1504	94
Термотолерантные колиформные бактерии (ТКБ)	отс.	1505	94
Общее микробное число (ОМЧ)	отс.	1506	94
Остаточный хлор	0.27	1507	94
Запах при 60C	1-2	1508	94
Неизвестно (5147)	1	1509	94
Неизвестно (5148)	Тинистый	1510	94
Общие колиформные бактерии (ОКБ)	отс.	1511	94
Неизвестно (1000)	Тинистый	1512	13
Неизвестно (1001)	Хлорно-тинистый	1513	13
Неизвестно (1003)	18.1	1515	13
Цветность	<5	1516	13
Мутность	<0.30	1517	13
Водородный показатель (pH)	7.2	1518	13
Железо общее	<0.05	1519	13
Термотолерантные колиформные бактерии (ТКБ)	отс.	1520	13
Общее микробное число (ОМЧ)	отс.	1521	13
Остаточный хлор	0.47	1522	13
Запах при 60C	1	1523	13
Неизвестно (5147)	1	1524	13
Неизвестно (5148)	Тинистый	1525	13
Общие колиформные бактерии (ОКБ)	отс.	1526	13
Неизвестно (1000)	Тинистый	1527	45
Неизвестно (1001)	Хлорно-тинистый	1528	45
Запах при 20C	1	1529	45
Неизвестно (1003)	19.9	1530	45
Цветность	<5	1531	45
Мутность	<0.30	1532	45
Водородный показатель (pH)	7.4	1533	45
Железо общее	<0.05	1534	45
Термотолерантные колиформные бактерии (ТКБ)	отс.	1535	45
Общее микробное число (ОМЧ)	отс.	1536	45
Остаточный хлор	0.64	1537	45
Запах при 60C	1-2	1538	45
Неизвестно (5147)	1	1539	45
Неизвестно (5148)	Тинистый	1540	45
Мутность	<0.30	1682	39
Общие колиформные бактерии (ОКБ)	отс.	1541	45
Неизвестно (1000)	Без запаха	1542	54
Неизвестно (1001)	Хлорный	1543	54
Запах при 20C	0	1544	54
Неизвестно (1003)	17.8	1545	54
Цветность	<5	1546	54
Мутность	<0.30	1547	54
Водородный показатель (pH)	7.5	1548	54
Железо общее	<0.05	1549	54
Термотолерантные колиформные бактерии (ТКБ)	отс.	1550	54
Общее микробное число (ОМЧ)	отс.	1551	54
Остаточный хлор	0.95	1552	54
Запах при 60C	1-2	1553	54
Неизвестно (5147)	0	1554	54
Неизвестно (5148)	Без привкуса	1555	54
Общие колиформные бактерии (ОКБ)	отс.	1556	54
Неизвестно (1000)	Хлорно-тинистый	1557	98
Железо общее	<0.05	1774	68
Неизвестно (1001)	Хлорно-тинистый	1558	98
Запах при 20C	1	1559	98
Неизвестно (1003)	20.3	1560	98
Цветность	7	1561	98
Мутность	0.31	1562	98
Водородный показатель (pH)	7.4	1563	98
Железо общее	<0.05	1564	98
Термотолерантные колиформные бактерии (ТКБ)	отс.	1565	98
Общее микробное число (ОМЧ)	отс.	1566	98
Остаточный хлор	0.74	1567	98
Запах при 60C	1-2	1568	98
Неизвестно (5147)	1	1569	98
Неизвестно (5148)	Хлорно-тинистый	1570	98
Общие колиформные бактерии (ОКБ)	отс.	1571	98
Неизвестно (1000)	Хлорно-тинистый	1572	
Неизвестно (1001)	Хлорный	1573	
Запах при 20C	1	1574	
Неизвестно (1003)	19.5	1575	
Цветность	<5	1576	
Мутность	<0.30	1577	
Водородный показатель (pH)	7.3	1578	
Железо общее	<0.05	1579	
Термотолерантные колиформные бактерии (ТКБ)	отс.	1580	
Общее микробное число (ОМЧ)	отс.	1581	
Остаточный хлор	0.97	1582	
Неизвестно (5147)	0	1584	
Неизвестно (5148)	Без привкуса	1585	
Общие колиформные бактерии (ОКБ)	отс.	1586	
Неизвестно (1000)	Тинистый	1587	43
Неизвестно (1001)	Тинистый	1588	43
Запах при 20C	1	1589	43
Неизвестно (1003)	20.8	1590	43
Цветность	<5	1591	43
Мутность	0.34	1592	43
Водородный показатель (pH)	7.3	1593	43
Железо общее	<0.05	1594	43
Термотолерантные колиформные бактерии (ТКБ)	отс.	1595	43
Общее микробное число (ОМЧ)	отс.	1596	43
Остаточный хлор	0.29	1597	43
Неизвестно (1001)	Хлорно-тинистый	1423	
Запах при 60C	1-2	1598	43
Неизвестно (5147)	1	1599	43
Неизвестно (5148)	Тинистый	1600	43
Общие колиформные бактерии (ОКБ)	отс.	1601	43
Неизвестно (1000)	Без запаха	1602	7
Неизвестно (1001)	Хлорный	1603	7
Запах при 20C	0-1	1604	7
Неизвестно (1003)	17.5	1605	7
Цветность	<5	1606	7
Мутность	<0.30	1607	7
Водородный показатель (pH)	7.5	1608	7
Железо общее	<0.05	1609	7
Запах при 20C	1	1754	
Термотолерантные колиформные бактерии (ТКБ)	отс.	1610	7
Общее микробное число (ОМЧ)	отс.	1611	7
Остаточный хлор	1.11	1612	7
Запах при 60C	1-2	1613	7
Неизвестно (5147)	0	1614	7
Неизвестно (5148)	Без привкуса	1615	7
Общие колиформные бактерии (ОКБ)	отс.	1616	7
Неизвестно (1000)	Без запаха	1617	
Неизвестно (1001)	Хлорный	1618	
Запах при 20C	0-1	1619	
Неизвестно (1003)	18.9	1620	
Цветность	<5	1621	
Мутность	<0.30	1622	
Водородный показатель (pH)	7.4	1623	
Железо общее	<0.05	1624	
Термотолерантные колиформные бактерии (ТКБ)	отс.	1625	
Общее микробное число (ОМЧ)	отс.	1626	
Остаточный хлор	0.89	1627	
Запах при 60C	1	1628	
Неизвестно (5147)	0	1629	
Неизвестно (5148)	Без привкуса	1630	
Общие колиформные бактерии (ОКБ)	отс.	1631	
Неизвестно (1000)	Хлорно-тинистый	1632	
Неизвестно (1001)	Хлорно-тинистый	1633	
Запах при 20C	1	1634	
Неизвестно (1003)	20.1	1635	
Цветность	5	1636	
Мутность	<0.30	1637	
Водородный показатель (pH)	7.3	1638	
Железо общее	0.05	1639	
Термотолерантные колиформные бактерии (ТКБ)	отс.	1640	
Общее микробное число (ОМЧ)	отс.	1641	
Остаточный хлор	0.34	1642	
Запах при 60C	1	1643	
Неизвестно (5147)	1	1644	
Неизвестно (5148)	Хлорно-тинистый	1645	
Цветность	6	1231	85
Общие колиформные бактерии (ОКБ)	отс.	1646	
Неизвестно (1000)	Хлорно-тинистый	1647	46
Неизвестно (1001)	Хлорно-тинистый	1648	46
Запах при 20C	1	1649	46
Неизвестно (1003)	20.6	1650	46
Цветность	5	1651	46
Мутность	0.31	1652	46
Водородный показатель (pH)	7.3	1653	46
Железо общее	<0.05	1654	46
Термотолерантные колиформные бактерии (ТКБ)	отс.	1655	46
Общее микробное число (ОМЧ)	отс.	1656	46
Остаточный хлор	0.59	1657	46
Запах при 60C	1	1658	46
Неизвестно (5147)	1	1659	46
Неизвестно (5148)	Хлорно-тинистый	1660	46
Общие колиформные бактерии (ОКБ)	отс.	1661	46
Неизвестно (1000)	Тинистый	1662	5
Неизвестно (1001)	Тинистый	1663	5
Запах при 20C	1	1664	5
Неизвестно (1003)	20.0	1665	5
Цветность	<5	1666	5
Мутность	<0.30	1667	5
Водородный показатель (pH)	7.4	1668	5
Железо общее	<0.05	1669	5
Термотолерантные колиформные бактерии (ТКБ)	отс.	1670	5
Общее микробное число (ОМЧ)	отс.	1671	5
Остаточный хлор	0.21	1672	5
Запах при 60C	2	1673	5
Неизвестно (5147)	1	1674	5
Неизвестно (5148)	Тинистый	1675	5
Общие колиформные бактерии (ОКБ)	отс.	1676	5
Неизвестно (1000)	Хлорно-тинистый	1677	39
Неизвестно (1001)	Хлорно-тинистый	1678	39
Запах при 20C	1	1679	39
Неизвестно (1003)	20.0	1680	39
Водородный показатель (pH)	7.3	1683	39
Железо общее	<0.05	1684	39
Термотолерантные колиформные бактерии (ТКБ)	отс.	1685	39
Общее микробное число (ОМЧ)	отс.	1686	39
Остаточный хлор	0.75	1687	39
Запах при 60C	2	1688	39
Неизвестно (5147)	1	1689	39
Неизвестно (5148)	Хлорно-тинистый	1690	39
Общие колиформные бактерии (ОКБ)	отс.	1691	39
Неизвестно (1000)	Тинистый	1692	99
Неизвестно (1001)	Тинистый	1693	99
Запах при 20C	1	1694	99
Неизвестно (1003)	21.8	1695	99
Цветность	<5	1696	99
Мутность	<0.30	1697	99
Водородный показатель (pH)	7.2	1698	99
Железо общее	<0.05	1699	99
Термотолерантные колиформные бактерии (ТКБ)	отс.	1700	99
Общее микробное число (ОМЧ)	отс.	1701	99
Остаточный хлор	0.17	1702	99
Запах при 60C	1-2	1703	99
Неизвестно (5147)	1	1704	99
Неизвестно (5148)	Тинистый	1705	99
Общие колиформные бактерии (ОКБ)	отс.	1706	99
Неизвестно (1000)	Тинистый	1707	61
Неизвестно (1001)	Тинистый	1708	61
Запах при 20C	1	1709	61
Неизвестно (1003)	20.1	1710	61
Цветность	5	1711	61
Мутность	<0.30	1712	61
Водородный показатель (pH)	7.4	1713	61
Термотолерантные колиформные бактерии (ТКБ)	отс.	1715	61
Общее микробное число (ОМЧ)	отс.	1716	61
Остаточный хлор	0.40	1717	61
Запах при 60C	1-2	1718	61
Неизвестно (5147)	1	1719	61
Неизвестно (5148)	Тинистый	1720	61
Общие колиформные бактерии (ОКБ)	отс.	1721	61
Неизвестно (1000)	Тинистый	1722	
Неизвестно (1001)	Тинистый	1723	
Запах при 20C	1	1724	
Неизвестно (1003)	20.1	1725	
Цветность	<5	1726	
Мутность	<0.30	1727	
Водородный показатель (pH)	7.3	1728	
Железо общее	<0.05	1729	
Термотолерантные колиформные бактерии (ТКБ)	отс.	1730	
Общее микробное число (ОМЧ)	отс.	1731	
Остаточный хлор	0.31	1732	
Запах при 60C	1-2	1733	
Неизвестно (5147)	1	1734	
Неизвестно (5148)	Тинистый	1735	
Общие колиформные бактерии (ОКБ)	отс.	1736	
Неизвестно (1000)	Тинистый	1737	
Неизвестно (1001)	Тинистый	1738	
Запах при 20C	1	1739	
Неизвестно (1003)	19.4	1740	
Цветность	7	1741	
Мутность	<0.30	1742	
Водородный показатель (pH)	7.2	1743	
Железо общее	0.07	1744	
Термотолерантные колиформные бактерии (ТКБ)	отс.	1745	
Общее микробное число (ОМЧ)	отс.	1746	
Остаточный хлор	0.24	1747	
Неизвестно (1000)	Тинистый	91	86
Неизвестно (1001)	Тинистый	92	86
Запах при 20C	1	93	86
Неизвестно (1003)	21.4	94	86
Цветность	8	95	86
Мутность	0.35	96	86
Водородный показатель (pH)	7.3	97	86
Железо общее	<0.05	98	86
Термотолерантные колиформные бактерии (ТКБ)	отс.	99	86
Общее микробное число (ОМЧ)	отс.	100	86
Цветность	7	155	76
Неизвестно (1003)	17.3	245	36
Цветность	14	246	36
Мутность	0.69	247	36
Водородный показатель (pH)	7.4	248	36
Железо общее	<0.05	249	36
Термотолерантные колиформные бактерии (ТКБ)	отс.	250	36
Общее микробное число (ОМЧ)	отс.	251	36
Остаточный хлор	0.58	252	36
Запах при 60C	1	253	36
Неизвестно (5147)	1	254	36
Неизвестно (5148)	Хлорно-тинистый	255	36
Общие колиформные бактерии (ОКБ)	отс.	256	36
Неизвестно (1000)	Хлорно-тинистый	257	10
Неизвестно (1001)	Хлорно-тинистый	258	10
Запах при 20C	1	259	10
Неизвестно (1003)	20.0	260	10
Мутность	<0.30	292	
Водородный показатель (pH)	7.4	293	
Железо общее	<0.05	294	
Термотолерантные колиформные бактерии (ТКБ)	отс.	295	
Общее микробное число (ОМЧ)	отс.	296	
Остаточный хлор	1.05	297	
Неизвестно (5147)	1	298	
Неизвестно (5148)	Хлорный	299	
Общие колиформные бактерии (ОКБ)	отс.	300	
Неизвестно (1000)	Тинистый	301	
Неизвестно (1001)	Тинистый	302	
Неизвестно (1003)	20.3	304	
Цветность	10	305	
Мутность	<0.30	306	
Водородный показатель (pH)	7.3	307	
Железо общее	<0.05	308	
Термотолерантные колиформные бактерии (ТКБ)	отс.	309	
Общее микробное число (ОМЧ)	отс.	310	
Остаточный хлор	0.35	311	
Запах при 60C	1	312	
Общие колиформные бактерии (ОКБ)	отс.	315	
Запах при 60C	1-2	1748	
Неизвестно (5147)	1	1749	
Общие колиформные бактерии (ОКБ)	отс.	1751	
Неизвестно (1000)	Хлорно-тинистый	1752	
Неизвестно (1001)	Хлорно-тинистый	1753	
Неизвестно (1003)	21.0	1755	
Цветность	8	1756	
Мутность	<0.30	1757	
Водородный показатель (pH)	7.3	1758	
Железо общее	<0.05	1759	
Термотолерантные колиформные бактерии (ТКБ)	отс.	1760	
Общее микробное число (ОМЧ)	отс.	1761	
Остаточный хлор	0.46	1762	
Запах при 60C	1-2	1763	
Неизвестно (5147)	1	1764	
Неизвестно (5148)	Хлорно-тинистый	1765	
Общие колиформные бактерии (ОКБ)	отс.	1766	
Неизвестно (1000)	Тинистый	1767	68
Неизвестно (1001)	Тинистый	1768	68
Запах при 20C	1	1769	68
Неизвестно (1003)	20.5	1770	68
Цветность	7	1771	68
Мутность	0.38	1772	68
Водородный показатель (pH)	7.5	1773	68
Неизвестно (1000)	Болотный	1796	73
Неизвестно (1001)	Болотный	1797	73
Запах при 20C	1	1798	73
Цветность	12	1799	73
Мутность	<0.30	1800	73
Водородный показатель (pH)	7.4	1801	73
Железо общее	<0.05	1802	73
Термотолерантные колиформные бактерии (ТКБ)	отс.	1803	73
Общее микробное число (ОМЧ)	отс.	1804	73
Остаточный хлор	0.10	1805	73
Запах при 60C	1	1806	73
Неизвестно (5147)	1	1807	73
Неизвестно (5148)	Болотный	1808	73
Общие колиформные бактерии (ОКБ)	отс.	1809	73
Неизвестно (1001)	Болотный	1811	
Запах при 20C	1	1812	
Цветность	11	1813	
Мутность	0.32	1814	
Водородный показатель (pH)	7.4	1815	
Железо общее	0.05	1816	
Термотолерантные колиформные бактерии (ТКБ)	отс.	1817	
Общее микробное число (ОМЧ)	отс.	1818	
Остаточный хлор	0.10	1819	
Запах при 60C	1	1820	
Неизвестно (5147)	1	1821	
Неизвестно (5148)	Болотный	1822	
Общие колиформные бактерии (ОКБ)	отс.	1823	
Неизвестно (1000)	Болотный	1824	67
Неизвестно (1001)	Болотный	1825	67
Запах при 20C	1	1826	67
Цветность	13	1827	67
Мутность	<0.30	1828	67
Водородный показатель (pH)	7.4	1829	67
Железо общее	0.05	1830	67
Термотолерантные колиформные бактерии (ТКБ)	отс.	1831	67
Общие колиформные бактерии (ОКБ)	отс.	75	84
Неизвестно (1000)	Тинистый	76	53
Неизвестно (1001)	Тинистый	77	53
Запах при 20C	1	78	53
Неизвестно (1003)	20.4	79	53
Цветность	8	80	53
Мутность	<0.30	81	53
Водородный показатель (pH)	7.4	82	53
Железо общее	<0.05	83	53
Термотолерантные колиформные бактерии (ТКБ)	отс.	84	53
Общее микробное число (ОМЧ)	отс.	85	53
Остаточный хлор	0.14	86	53
Запах при 60C	1-2	87	53
Неизвестно (5147)	1	88	53
Общее микробное число (ОМЧ)	отс.	1832	67
Остаточный хлор	0.10	1833	67
Запах при 60C	1	1834	67
Неизвестно (5147)	1	1835	67
Неизвестно (5148)	Болотный	1836	67
Цветность	6	110	26
Цветность	11	335	71
Мутность	<0.30	336	71
Остаточный хлор	0.36	624	79
Цветность	10	706	
Железо общее	<0.05	769	18
Запах при 60C	1-2	848	
Общее микробное число (ОМЧ)	отс.	996	55
Запах при 20C	1	1214	
Цветность	<5	1352	87
Железо общее	<0.05	1714	61
Водородный показатель (pH)	7.2	37	80
Железо общее	<0.05	38	80
Термотолерантные колиформные бактерии (ТКБ)	отс.	39	80
Общее микробное число (ОМЧ)	отс.	40	80
Остаточный хлор	0.54	41	80
Запах при 60C	1-2	42	80
Неизвестно (5147)	1	43	80
Неизвестно (5148)	Хлорно-тинистый	44	80
Общие колиформные бактерии (ОКБ)	отс.	45	80
Неизвестно (1000)	Хлорно-тинистый	46	64
Неизвестно (1001)	Хлорно-тинистый	47	64
Запах при 20C	1	48	64
Неизвестно (1003)	20.8	49	64
Цветность	11	50	64
Мутность	<0.30	51	64
Водородный показатель (pH)	7.2	52	64
Железо общее	<0.05	53	64
Термотолерантные колиформные бактерии (ТКБ)	отс.	54	64
Неизвестно (1000)	Тинистый	1	30
Неизвестно (1001)	Тинистый	2	30
Водородный показатель (pH)	7.2	337	71
Железо общее	<0.05	338	71
Термотолерантные колиформные бактерии (ТКБ)	отс.	339	71
Общее микробное число (ОМЧ)	отс.	340	71
Остаточный хлор	0.54	341	71
Запах при 60C	1	342	71
Неизвестно (5147)	1	343	71
Неизвестно (5148)	Тинистый	344	71
Общие колиформные бактерии (ОКБ)	отс.	345	71
Неизвестно (1000)	Хлорно-тинистый	346	44
Неизвестно (1001)	Хлорно-тинистый	347	44
Запах при 20C	1	348	44
Неизвестно (1003)	17.5	349	44
Цветность	11	350	44
Мутность	<0.30	351	44
Водородный показатель (pH)	7.3	352	44
Железо общее	<0.05	353	44
Термотолерантные колиформные бактерии (ТКБ)	отс.	354	44
Общее микробное число (ОМЧ)	отс.	355	44
Остаточный хлор	0.44	356	44
Запах при 60C	1	357	44
Запах при 20C	1	363	
Неизвестно (1001)	Тинистый	615	79
Цветность	10	721	90
Запах при 20C	0	1424	
Запах при 20C	1	1514	13
Запах при 60C	1	1583	
Общие колиформные бактерии (ОКБ)	отс.	1837	67
Неизвестно (1000)	Болотный	1838	
Неизвестно (1001)	Болотный	1839	
Запах при 20C	1	1840	
Цветность	12	1841	
Мутность	0.30	1842	
Водородный показатель (pH)	7.4	1843	
Железо общее	0.07	1844	
Термотолерантные колиформные бактерии (ТКБ)	отс.	1845	
Общее микробное число (ОМЧ)	отс.	1846	
Остаточный хлор	0.10	1847	
Запах при 60C	1	1848	
Неизвестно (5147)	1	1849	
Неизвестно (5148)	Болотный	1850	
Общие колиформные бактерии (ОКБ)	отс.	1851	
Неизвестно (1000)	Болотный	1810	
Термотолерантные колиформные бактерии (ТКБ)	отс.	1775	68
Общее микробное число (ОМЧ)	отс.	1776	68
Остаточный хлор	0.41	1777	68
Запах при 60C	2	1778	68
Неизвестно (5147)	1	1779	68
Неизвестно (5148)	Тинистый	1780	68
Общие колиформные бактерии (ОКБ)	отс.	1781	68
Неизвестно (1000)	Болотный	1782	33
Неизвестно (1001)	Болотный	1783	33
Запах при 20C	1	1784	33
Цветность	12	1785	33
Мутность	<0.30	1786	33
Водородный показатель (pH)	7.4	1787	33
Железо общее	<0.05	1788	33
Термотолерантные колиформные бактерии (ТКБ)	отс.	1789	33
Общее микробное число (ОМЧ)	отс.	1790	33
Остаточный хлор	0.18	1791	33
Запах при 60C	1-2	1792	33
Неизвестно (5147)	1	1793	33
Неизвестно (5148)	Болотный	1794	33
Общие колиформные бактерии (ОКБ)	отс.	1795	33
